id,cluster_id,cluster_name,distance_from_centroid
1,0,High-Quality Compounders,0.1849445506917497
256,0,High-Quality Compounders,0.18295476462594668
91,0,High-Quality Compounders,0.18617700755639033
400,0,High-Quality Compounders,0.18300613262844842
92,0,High-Quality Compounders,0.1865770731162765
778,0,High-Quality Compounders,0.1418565968997531
401,0,High-Quality Compounders,0.18117037362225324
257,0,High-Quality Compounders,0.1846250362666576
93,0,High-Quality Compounders,0.186403146778922
779,0,High-Quality Compounders,0.18110358309062374
402,0,High-Quality Compounders,0.18207928303933948
780,0,High-Quality Compounders,0.1849799255408069
94,0,High-Quality Compounders,0.18813656089077987
95,0,High-Quality Compounders,0.188449115421843
781,0,High-Quality Compounders,0.18260969672755173
96,0,High-Quality Compounders,0.18789897337911377
782,0,High-Quality Compounders,0.18171367729749183
97,0,High-Quality Compounders,0.18687724889833807
783,0,High-Quality Compounders,0.18065961646813178
784,0,High-Quality Compounders,0.17374807530944084
98,0,High-Quality Compounders,0.18731474797116954
99,0,High-Quality Compounders,0.18536635511801247
785,0,High-Quality Compounders,0.17581554813926675
786,0,High-Quality Compounders,0.17167972046862293
100,0,High-Quality Compounders,0.18527152279638073
787,0,High-Quality Compounders,0.1721939976638678
788,0,High-Quality Compounders,0.17615027011919124
970,0,High-Quality Compounders,0.15861341933549644
468,0,High-Quality Compounders,0.17724729774435916
469,0,High-Quality Compounders,0.17887736677042002
971,0,High-Quality Compounders,0.1669577677592808
470,0,High-Quality Compounders,0.1813625356562267
972,0,High-Quality Compounders,0.17534555688921571
244,0,High-Quality Compounders,0.17831589727226535
958,0,High-Quality Compounders,0.18482169693843437
946,0,High-Quality Compounders,0.14365907172083967
268,0,High-Quality Compounders,0.058868902954663724
934,0,High-Quality Compounders,0.3082316159847797
280,0,High-Quality Compounders,0.12804937926168067
292,0,High-Quality Compounders,1.0053371308855523
232,2,Value Cyclicals,1.3068025354938124
186,0,High-Quality Compounders,0.18657627926252887
220,0,High-Quality Compounders,0.09616284046591445
1078,0,High-Quality Compounders,0.16519381678171768
1077,0,High-Quality Compounders,0.16519381678171768
138,0,High-Quality Compounders,0.18092697318103637
139,0,High-Quality Compounders,0.18092697318103637
1065,0,High-Quality Compounders,0.18175045202902923
1053,0,High-Quality Compounders,0.08525049930409404
981,0,High-Quality Compounders,0.18470209775127783
162,0,High-Quality Compounders,0.5829608846414981
174,0,High-Quality Compounders,0.06262765882605482
1029,0,High-Quality Compounders,0.07853971088371502
304,0,High-Quality Compounders,0.44764709672200254
1017,0,High-Quality Compounders,0.16644554784382906
208,0,High-Quality Compounders,1.0432055029228027
1005,0,High-Quality Compounders,0.183565904080224
1041,0,High-Quality Compounders,0.08858836219634979
911,0,High-Quality Compounders,0.05800108875190722
852,0,High-Quality Compounders,0.9330907554477151
316,0,High-Quality Compounders,0.44792123323365723
491,0,High-Quality Compounders,0.20649490968567624
754,0,High-Quality Compounders,0.04785920034165895
742,0,High-Quality Compounders,0.18086129529664083
514,0,High-Quality Compounders,1.4365772147485725
730,0,High-Quality Compounders,0.08056329119927394
526,0,High-Quality Compounders,0.8072198085061726
718,0,High-Quality Compounders,0.16802962340315197
538,0,High-Quality Compounders,2.8426381459645613
479,0,High-Quality Compounders,0.8530852442220718
706,0,High-Quality Compounders,0.32654630559837844
562,0,High-Quality Compounders,0.2278685391204592
679,0,High-Quality Compounders,0.4288956357253888
574,0,High-Quality Compounders,0.4821567873746253
667,0,High-Quality Compounders,0.09928752200691121
586,0,High-Quality Compounders,0.1844820584609938
598,0,High-Quality Compounders,0.08958502303027073
655,0,High-Quality Compounders,0.07016452742880325
641,0,High-Quality Compounders,0.1024351052518521
550,0,High-Quality Compounders,0.1890285223612988
910,0,High-Quality Compounders,0.05800108875190722
766,0,High-Quality Compounders,0.18710574822589138
790,0,High-Quality Compounders,0.13784183320770996
328,3,Distressed or Turnaround,0.19364237917335247
340,0,High-Quality Compounders,0.13998999811138424
352,0,High-Quality Compounders,0.18366036388957274
364,0,High-Quality Compounders,0.11594983910708205
854,0,High-Quality Compounders,0.9330907554477151
853,0,High-Quality Compounders,0.9330907554477151
115,0,High-Quality Compounders,0.17700432032792832
851,0,High-Quality Compounders,0.9330907554477151
456,0,High-Quality Compounders,0.1291564663176282
376,0,High-Quality Compounders,0.1378504279315248
388,0,High-Quality Compounders,0.14075721496938856
838,0,High-Quality Compounders,0.17913020704838023
826,0,High-Quality Compounders,0.2882466313530607
412,0,High-Quality Compounders,0.1437175808497529
814,0,High-Quality Compounders,0.1761904875034772
424,0,High-Quality Compounders,0.12812241000919458
802,0,High-Quality Compounders,0.12217956432901857
436,0,High-Quality Compounders,0.1489517646726189
850,0,High-Quality Compounders,0.9330907554477151
114,0,High-Quality Compounders,0.17700432032792832
629,0,High-Quality Compounders,0.18261958272549925
67,0,High-Quality Compounders,0.05618758647208594
1161,0,High-Quality Compounders,1.1293825167923663
1101,0,High-Quality Compounders,0.18234385644800608
35,0,High-Quality Compounders,0.09584476714259485
1113,0,High-Quality Compounders,0.14600575654322165
1173,2,Value Cyclicals,3.6669692104394294
79,0,High-Quality Compounders,0.5974462863783003
1125,0,High-Quality Compounders,0.17080859639908516
102,0,High-Quality Compounders,0.15461092439977395
1137,0,High-Quality Compounders,0.09689890890615456
55,0,High-Quality Compounders,0.05618758647208594
1149,0,High-Quality Compounders,0.1496744091827068
480,0,High-Quality Compounders,1.1865391869727386
982,0,High-Quality Compounders,0.18480410050093568
855,0,High-Quality Compounders,0.7285626499243276
317,0,High-Quality Compounders,0.4362720739437702
221,0,High-Quality Compounders,0.09937107607225418
719,0,High-Quality Compounders,0.17447733673026164
1114,0,High-Quality Compounders,0.13686718918741403
755,0,High-Quality Compounders,0.059721598000917135
858,0,High-Quality Compounders,0.7285626499243276
857,0,High-Quality Compounders,0.7285626499243276
492,0,High-Quality Compounders,0.21327598971470868
1030,0,High-Quality Compounders,0.11592196159612818
1006,0,High-Quality Compounders,0.17483542160043852
527,0,High-Quality Compounders,0.9043692326436423
856,0,High-Quality Compounders,0.7285626499243276
209,0,High-Quality Compounders,1.1154417031909722
767,0,High-Quality Compounders,0.18800200610003234
503,0,High-Quality Compounders,0.6845331212026609
389,0,High-Quality Compounders,0.14117049857089323
743,0,High-Quality Compounders,0.17997883462514216
1174,2,Value Cyclicals,2.54974573879302
187,0,High-Quality Compounders,0.18687338508394086
1018,0,High-Quality Compounders,0.1697852213091738
515,0,High-Quality Compounders,1.4972883440316571
731,0,High-Quality Compounders,0.07532146343661615
365,0,High-Quality Compounders,0.12647642573965695
24,0,High-Quality Compounders,0.19059057358924017
1138,0,High-Quality Compounders,0.13938528082541154
839,0,High-Quality Compounders,0.18300846581002064
913,0,High-Quality Compounders,0.05532082765309557
293,0,High-Quality Compounders,0.9991286990383537
912,0,High-Quality Compounders,0.05532082765309557
827,0,High-Quality Compounders,0.2799430948770888
1150,0,High-Quality Compounders,0.15515930217545712
413,0,High-Quality Compounders,0.1439194062800891
305,0,High-Quality Compounders,0.45801405131537715
281,0,High-Quality Compounders,0.16604533218748385
1126,0,High-Quality Compounders,0.1666257014374486
935,0,High-Quality Compounders,0.3017192338316169
815,0,High-Quality Compounders,0.1649915992207611
425,0,High-Quality Compounders,0.13759633259104778
269,0,High-Quality Compounders,0.06429958615762589
947,0,High-Quality Compounders,0.13574439253590112
803,0,High-Quality Compounders,0.11839622509284466
437,0,High-Quality Compounders,0.1533516447757059
68,0,High-Quality Compounders,0.07879729820040754
791,0,High-Quality Compounders,0.13529512389094234
959,0,High-Quality Compounders,0.18510220370710576
36,0,High-Quality Compounders,0.08009989550032537
377,0,High-Quality Compounders,0.13595814999186795
245,0,High-Quality Compounders,0.17706108304629462
457,0,High-Quality Compounders,0.13590537648166445
1162,0,High-Quality Compounders,1.2040478506295211
630,0,High-Quality Compounders,0.18231811335703316
539,0,High-Quality Compounders,2.4733224505320237
233,2,Value Cyclicals,0.08672153391612515
175,0,High-Quality Compounders,0.04722682228400789
80,0,High-Quality Compounders,0.3583062596836222
859,0,High-Quality Compounders,0.7285626499243276
599,0,High-Quality Compounders,0.08857557326534395
680,0,High-Quality Compounders,0.3172653726695341
656,0,High-Quality Compounders,0.0795620065889063
3,0,High-Quality Compounders,0.18439010297183764
353,0,High-Quality Compounders,0.18381417177862636
1054,0,High-Quality Compounders,0.05975875910269986
668,0,High-Quality Compounders,0.07822731546928301
563,0,High-Quality Compounders,0.33304019896246634
117,0,High-Quality Compounders,0.1784968849637983
116,0,High-Quality Compounders,0.1784968849637983
329,3,Distressed or Turnaround,0.22021528307578267
575,0,High-Quality Compounders,0.48232389886187266
163,0,High-Quality Compounders,0.6633400175841587
56,0,High-Quality Compounders,0.07879729820040754
103,0,High-Quality Compounders,0.1540200054695433
1066,0,High-Quality Compounders,0.18154849840682344
1079,0,High-Quality Compounders,0.1798503254502785
1042,0,High-Quality Compounders,0.09887615627071122
341,0,High-Quality Compounders,0.16212008537676198
140,0,High-Quality Compounders,0.18247118942325694
1102,0,High-Quality Compounders,0.15907959700529578
551,0,High-Quality Compounders,0.19025943619400448
707,0,High-Quality Compounders,0.2661217730746451
1080,0,High-Quality Compounders,0.1798503254502785
642,0,High-Quality Compounders,0.07749532383880285
141,0,High-Quality Compounders,0.18247118942325694
587,0,High-Quality Compounders,0.18465496440253984
2,0,High-Quality Compounders,0.18439010297183764
4,0,High-Quality Compounders,0.1845287395407403
864,0,High-Quality Compounders,0.6556652753025449
438,0,High-Quality Compounders,0.14912629762235052
258,0,High-Quality Compounders,0.18471067123785093
960,0,High-Quality Compounders,0.18544625957804056
246,0,High-Quality Compounders,0.18525750000697094
69,0,High-Quality Compounders,0.06760970764761257
37,0,High-Quality Compounders,0.09464375567601982
792,0,High-Quality Compounders,0.13896245236983476
1082,0,High-Quality Compounders,0.1807310820771413
1081,0,High-Quality Compounders,0.1807310820771413
657,0,High-Quality Compounders,0.09538226334199106
378,0,High-Quality Compounders,0.1296273757063004
426,0,High-Quality Compounders,0.13721374494787336
600,0,High-Quality Compounders,0.12008687315662611
390,0,High-Quality Compounders,0.15138335125782632
914,0,High-Quality Compounders,0.05696333594549864
631,0,High-Quality Compounders,0.18273452982713162
342,0,High-Quality Compounders,0.16629130808544815
294,0,High-Quality Compounders,1.0392824859698298
1127,0,High-Quality Compounders,0.17401536398864226
828,0,High-Quality Compounders,0.2808464271812537
57,0,High-Quality Compounders,0.06760970764761257
610,0,High-Quality Compounders,0.18356094900306685
643,0,High-Quality Compounders,0.07056692967254763
948,0,High-Quality Compounders,0.13078018293356536
414,0,High-Quality Compounders,0.14811783328359712
282,0,High-Quality Compounders,0.17109566688250957
118,0,High-Quality Compounders,0.1766710463417949
119,0,High-Quality Compounders,0.1766710463417949
936,0,High-Quality Compounders,0.29851464059847355
816,0,High-Quality Compounders,0.1655556217660983
1151,0,High-Quality Compounders,0.14912484235815085
863,0,High-Quality Compounders,0.6556652753025449
306,0,High-Quality Compounders,0.4301553146580433
270,0,High-Quality Compounders,0.10079409984554466
804,0,High-Quality Compounders,0.09734542469526743
840,0,High-Quality Compounders,0.18294149478693408
588,0,High-Quality Compounders,0.18456500670625467
5,0,High-Quality Compounders,0.1845287395407403
1139,0,High-Quality Compounders,0.12069502385845898
1007,0,High-Quality Compounders,0.15854701876915586
744,0,High-Quality Compounders,0.18436766563594592
504,0,High-Quality Compounders,0.6793628844832206
330,3,Distressed or Turnaround,0.2700428042808533
564,0,High-Quality Compounders,0.3573198134835282
366,0,High-Quality Compounders,0.12569818405285763
198,0,High-Quality Compounders,0.36428459909240696
1019,0,High-Quality Compounders,0.17126000832493016
1175,0,High-Quality Compounders,4.268835300288823
516,0,High-Quality Compounders,1.6498240055182583
104,0,High-Quality Compounders,0.14111476344098975
458,0,High-Quality Compounders,0.16745985104474717
732,0,High-Quality Compounders,0.08281165642015685
861,0,High-Quality Compounders,0.6556652753025449
188,0,High-Quality Compounders,0.187174519524696
552,0,High-Quality Compounders,0.19039106899041272
81,0,High-Quality Compounders,0.4425293644577999
1031,0,High-Quality Compounders,0.08730901455951783
528,0,High-Quality Compounders,1.0239649043941368
708,0,High-Quality Compounders,0.22770751665216077
1043,0,High-Quality Compounders,0.0751567841762061
720,0,High-Quality Compounders,0.17383159965830455
860,0,High-Quality Compounders,0.6556652753025449
176,0,High-Quality Compounders,0.04601940828308569
164,0,High-Quality Compounders,0.7861090394241594
862,0,High-Quality Compounders,0.6556652753025449
1055,0,High-Quality Compounders,0.07834982420133187
222,0,High-Quality Compounders,0.05488639758146817
1103,0,High-Quality Compounders,0.181642154868685
25,0,High-Quality Compounders,0.5299302325102005
540,0,High-Quality Compounders,3.0337026355035084
1163,0,High-Quality Compounders,1.2172385002328465
234,2,Value Cyclicals,2.978692493129436
142,0,High-Quality Compounders,0.1832039119163481
768,0,High-Quality Compounders,0.1908271811187363
143,0,High-Quality Compounders,0.1832039119163481
1115,0,High-Quality Compounders,0.100246855224056
983,0,High-Quality Compounders,0.22394878959233205
481,0,High-Quality Compounders,1.4201344050833857
669,0,High-Quality Compounders,0.07128368853888907
210,0,High-Quality Compounders,1.0819969783257604
915,0,High-Quality Compounders,0.05696333594549864
576,0,High-Quality Compounders,0.5263252159731878
756,0,High-Quality Compounders,0.06526080161347875
1067,0,High-Quality Compounders,0.18140105366125175
493,0,High-Quality Compounders,0.24397998879560018
318,0,High-Quality Compounders,0.4382600720091198
681,0,High-Quality Compounders,0.6604692727325164
354,0,High-Quality Compounders,0.18402061896273217
379,0,High-Quality Compounders,0.12631939917411827
1140,0,High-Quality Compounders,0.13922332207445356
355,0,High-Quality Compounders,0.18349042390507633
367,0,High-Quality Compounders,0.11557424659791904
866,0,High-Quality Compounders,0.8021675381609744
841,0,High-Quality Compounders,0.18104032912350226
865,0,High-Quality Compounders,0.8021675381609744
482,0,High-Quality Compounders,1.7600489604487275
829,0,High-Quality Compounders,0.26364956052300137
721,0,High-Quality Compounders,0.17996324650596063
541,4,Emerging Growth,2.4762536266642248
709,0,High-Quality Compounders,0.21706589844461324
553,0,High-Quality Compounders,0.23344921156285842
697,0,High-Quality Compounders,0.10636375901532877
565,0,High-Quality Compounders,0.380887783426138
682,0,High-Quality Compounders,0.49278558388686033
7,0,High-Quality Compounders,0.1851712836909074
529,0,High-Quality Compounders,1.1149366813324997
577,0,High-Quality Compounders,0.35451636257292496
6,0,High-Quality Compounders,0.1851712836909074
589,0,High-Quality Compounders,0.18508604301158535
658,0,High-Quality Compounders,0.07796537751843269
601,0,High-Quality Compounders,0.13838625939235236
644,0,High-Quality Compounders,0.09777522139701217
611,0,High-Quality Compounders,0.182645291708429
632,0,High-Quality Compounders,0.18488626559331348
620,0,High-Quality Compounders,0.42259597937102006
670,0,High-Quality Compounders,0.06622068566575658
391,0,High-Quality Compounders,0.16599047942763717
1176,0,High-Quality Compounders,1.4166626129789592
733,0,High-Quality Compounders,0.07654347876016072
403,0,High-Quality Compounders,0.1819054009271777
415,0,High-Quality Compounders,0.1706371070753978
817,0,High-Quality Compounders,0.1716236417482044
427,0,High-Quality Compounders,0.13463282802084398
805,0,High-Quality Compounders,0.10828291924620628
38,0,High-Quality Compounders,0.08797721764213036
439,0,High-Quality Compounders,0.15307917550778405
793,0,High-Quality Compounders,0.1422873950682495
517,0,High-Quality Compounders,1.4515308531736404
1152,0,High-Quality Compounders,0.15142339968881058
26,0,High-Quality Compounders,0.09103737388901077
1164,0,High-Quality Compounders,1.1024820495224419
769,0,High-Quality Compounders,0.18840278855207673
867,0,High-Quality Compounders,0.8021675381609744
757,0,High-Quality Compounders,0.07642192370216636
494,0,High-Quality Compounders,0.2545636633524668
745,0,High-Quality Compounders,0.18534762672283736
505,0,High-Quality Compounders,0.8429777776307726
459,0,High-Quality Compounders,0.1780356931300971
868,0,High-Quality Compounders,0.8021675381609744
105,0,High-Quality Compounders,0.12651053310242397
1104,0,High-Quality Compounders,0.18317373039900267
177,0,High-Quality Compounders,0.05469789034156873
1083,0,High-Quality Compounders,0.17959683076292537
937,0,High-Quality Compounders,0.28588875598034574
283,0,High-Quality Compounders,0.17709512590441215
1032,0,High-Quality Compounders,0.12156914104011035
82,0,High-Quality Compounders,0.3808537504778461
121,0,High-Quality Compounders,0.18010786061058318
307,0,High-Quality Compounders,0.35003067812592054
1128,0,High-Quality Compounders,0.16926360421304582
1084,0,High-Quality Compounders,0.17959683076292537
916,0,High-Quality Compounders,0.05596703587460938
917,0,High-Quality Compounders,0.05596703587460938
189,0,High-Quality Compounders,0.18724011045856612
120,0,High-Quality Compounders,0.18010786061058318
1020,0,High-Quality Compounders,0.17478794974965026
199,0,High-Quality Compounders,0.4284373450474575
223,0,High-Quality Compounders,0.08204185652039407
295,0,High-Quality Compounders,1.8302737517157346
984,0,High-Quality Compounders,0.21265097482838377
1008,0,High-Quality Compounders,0.16664255782549114
211,0,High-Quality Compounders,2.392038000601117
235,2,Value Cyclicals,2.2282013963988296
1044,0,High-Quality Compounders,0.10158750190429969
1116,0,High-Quality Compounders,0.1283255882054561
331,3,Distressed or Turnaround,0.1942215530099522
247,0,High-Quality Compounders,0.1907710732053874
319,0,High-Quality Compounders,0.4856012493971427
58,0,High-Quality Compounders,0.06771513537116622
949,0,High-Quality Compounders,0.12495069093997772
1056,0,High-Quality Compounders,0.07231800351089537
961,0,High-Quality Compounders,0.18594640273430266
1068,0,High-Quality Compounders,0.18251012731148433
70,0,High-Quality Compounders,0.06771513537116622
259,0,High-Quality Compounders,0.1859617012034683
271,0,High-Quality Compounders,0.11964071354347464
869,0,High-Quality Compounders,0.8021675381609744
343,0,High-Quality Compounders,0.168619809156304
165,0,High-Quality Compounders,0.8264471170059402
144,0,High-Quality Compounders,0.18301939918587826
145,0,High-Quality Compounders,0.18301939918587826
985,0,High-Quality Compounders,0.19689689364066185
758,0,High-Quality Compounders,0.09078340380167348
448,0,High-Quality Compounders,1.663915455338098
602,0,High-Quality Compounders,0.13875539165491763
248,0,High-Quality Compounders,0.18982303133223458
483,3,Distressed or Turnaround,1.384044589908029
236,2,Value Cyclicals,3.0914864891389366
1153,0,High-Quality Compounders,0.1615576904658694
1165,0,High-Quality Compounders,1.1897193558297314
645,0,High-Quality Compounders,0.09278471989952643
71,0,High-Quality Compounders,0.09181275529913377
962,0,High-Quality Compounders,0.186091286079746
460,0,High-Quality Compounders,0.18177386059925876
973,0,High-Quality Compounders,0.17334032927807635
27,0,High-Quality Compounders,0.08002544761512659
495,0,High-Quality Compounders,0.2574758820412696
770,0,High-Quality Compounders,0.1913536877496024
471,0,High-Quality Compounders,0.18284816799143716
224,0,High-Quality Compounders,0.07986973869408506
212,0,High-Quality Compounders,1.2980981881381033
1021,0,High-Quality Compounders,0.17915706864598788
746,0,High-Quality Compounders,0.1844055722784472
554,0,High-Quality Compounders,0.2446237440984349
698,0,High-Quality Compounders,0.14573584054480324
590,0,High-Quality Compounders,0.1853078871736062
9,0,High-Quality Compounders,0.18546713569148648
566,0,High-Quality Compounders,0.382214316604812
683,0,High-Quality Compounders,0.7816198219588185
166,0,High-Quality Compounders,1.2063864995493006
1057,0,High-Quality Compounders,0.0737882362138998
1069,0,High-Quality Compounders,0.1831303828558605
1105,0,High-Quality Compounders,0.15278332979264142
578,0,High-Quality Compounders,0.39826495445450927
671,0,High-Quality Compounders,0.058192372902522924
147,0,High-Quality Compounders,0.18434991719949084
146,0,High-Quality Compounders,0.18434991719949084
8,0,High-Quality Compounders,0.18546713569148648
122,0,High-Quality Compounders,0.17847943202168443
1045,0,High-Quality Compounders,0.12492294092193884
542,4,Emerging Growth,0.4663881966049315
1009,0,High-Quality Compounders,0.16479129626192143
123,0,High-Quality Compounders,0.17847943202168443
506,0,High-Quality Compounders,0.8723905044013638
200,0,High-Quality Compounders,0.5801484146882617
734,0,High-Quality Compounders,0.07254650629798669
518,3,Distressed or Turnaround,1.1362454461853218
710,0,High-Quality Compounders,0.21396890776839478
190,0,High-Quality Compounders,0.18724882648794566
1177,0,High-Quality Compounders,1.4801075679055822
1033,0,High-Quality Compounders,0.0898686479338606
530,0,High-Quality Compounders,1.1918163141047304
178,0,High-Quality Compounders,0.07200107320104557
83,0,High-Quality Compounders,1.2226905537489219
659,0,High-Quality Compounders,0.09190553838495379
722,0,High-Quality Compounders,0.1833197645257322
794,0,High-Quality Compounders,0.13837609074731863
344,0,High-Quality Compounders,0.1687326118784299
296,0,High-Quality Compounders,1.4966933945842018
416,0,High-Quality Compounders,0.17572154140343557
284,0,High-Quality Compounders,0.17939500046842333
818,0,High-Quality Compounders,0.1556545864881327
919,0,High-Quality Compounders,0.05340073147186554
404,0,High-Quality Compounders,0.18167739968133234
918,0,High-Quality Compounders,0.05340073147186554
1141,0,High-Quality Compounders,0.1400281832310909
830,0,High-Quality Compounders,0.2609663558472432
47,0,High-Quality Compounders,0.12536572075635494
392,0,High-Quality Compounders,0.15775067885755845
842,0,High-Quality Compounders,0.18229380666754036
633,0,High-Quality Compounders,0.18489306371573358
308,0,High-Quality Compounders,0.33971767174905093
380,0,High-Quality Compounders,0.15802471380134095
1129,0,High-Quality Compounders,0.1701881026080162
621,0,High-Quality Compounders,0.5215379832819581
59,0,High-Quality Compounders,0.09181275529913377
368,0,High-Quality Compounders,0.10577332504701636
320,0,High-Quality Compounders,0.49176446294583315
106,0,High-Quality Compounders,0.12139833092830472
356,0,High-Quality Compounders,0.1850534834135738
332,3,Distressed or Turnaround,1.1226174742317434
874,0,High-Quality Compounders,0.3246568835066697
873,0,High-Quality Compounders,0.3246568835066697
872,0,High-Quality Compounders,0.3246568835066697
871,0,High-Quality Compounders,0.3246568835066697
870,0,High-Quality Compounders,0.3246568835066697
938,0,High-Quality Compounders,0.2187672677116237
612,0,High-Quality Compounders,0.18364228776042416
1117,0,High-Quality Compounders,0.14153363916408465
272,0,High-Quality Compounders,0.09568441574161592
39,0,High-Quality Compounders,0.08605441586861724
440,0,High-Quality Compounders,0.16488726627198655
260,0,High-Quality Compounders,0.18551163193933712
1085,0,High-Quality Compounders,0.17974516596736614
806,0,High-Quality Compounders,0.10342468143270185
428,0,High-Quality Compounders,0.12738414001438791
950,0,High-Quality Compounders,0.12669456751477207
1086,0,High-Quality Compounders,0.17974516596736614
1154,0,High-Quality Compounders,0.1339246598023016
369,0,High-Quality Compounders,0.15020874041792165
167,0,High-Quality Compounders,2.0036183252376083
10,0,High-Quality Compounders,0.18468223574580267
660,0,High-Quality Compounders,0.11444996755218502
11,0,High-Quality Compounders,0.18468223574580267
1130,0,High-Quality Compounders,0.17081177062916816
622,0,High-Quality Compounders,0.580606401268031
555,0,High-Quality Compounders,0.18473049191898566
543,4,Emerging Growth,0.8733316642471375
1087,0,High-Quality Compounders,0.17575960873424795
107,0,High-Quality Compounders,0.11489562960970598
60,0,High-Quality Compounders,0.10732869500976426
711,0,High-Quality Compounders,0.21447543902527186
1178,0,High-Quality Compounders,1.9813310359068954
309,0,High-Quality Compounders,0.49207157065139984
179,0,High-Quality Compounders,0.08641734915882361
1034,0,High-Quality Compounders,0.11980782250115164
84,0,High-Quality Compounders,4.508909279537938
699,0,High-Quality Compounders,0.17361664488714784
939,0,High-Quality Compounders,0.31885976150606515
531,0,High-Quality Compounders,1.4086777035701823
441,0,High-Quality Compounders,0.10511050687189585
261,0,High-Quality Compounders,0.1869069416711188
672,0,High-Quality Compounders,0.08208229724916424
579,0,High-Quality Compounders,0.48297240884808634
449,0,High-Quality Compounders,1.283679638593406
148,0,High-Quality Compounders,0.18487215003709362
149,0,High-Quality Compounders,0.18487215003709362
333,3,Distressed or Turnaround,1.7077721592250776
249,0,High-Quality Compounders,0.18993928878835176
357,0,High-Quality Compounders,0.18588975912219968
321,0,High-Quality Compounders,0.550938884980047
1058,0,High-Quality Compounders,0.07153666056732509
876,0,High-Quality Compounders,0.5166602814122785
877,0,High-Quality Compounders,0.5166602814122785
567,0,High-Quality Compounders,0.3766622845774206
878,0,High-Quality Compounders,0.5166602814122785
1106,0,High-Quality Compounders,0.15985254148743552
1070,0,High-Quality Compounders,0.1831961824144902
1046,0,High-Quality Compounders,0.0733897501384706
879,0,High-Quality Compounders,0.5166602814122785
684,0,High-Quality Compounders,0.8044863348438762
591,0,High-Quality Compounders,0.18450166712502436
875,0,High-Quality Compounders,0.5166602814122785
771,0,High-Quality Compounders,0.18448880246281565
963,0,High-Quality Compounders,0.18599534990452415
646,0,High-Quality Compounders,0.09668862998863757
747,0,High-Quality Compounders,0.1855756795448128
237,0,High-Quality Compounders,3.96893256550113
920,0,High-Quality Compounders,0.05371364234793289
496,0,High-Quality Compounders,0.27102490799867096
921,0,High-Quality Compounders,0.05371364234793289
213,0,High-Quality Compounders,1.9680598002760425
986,0,High-Quality Compounders,0.29674673191053264
603,0,High-Quality Compounders,0.14199463966547188
819,0,High-Quality Compounders,0.14812824749585038
273,0,High-Quality Compounders,0.10657605928731234
1088,0,High-Quality Compounders,0.17575960873424795
613,0,High-Quality Compounders,0.1847987403553114
759,0,High-Quality Compounders,0.10637942626747349
345,0,High-Quality Compounders,0.17210423957604595
484,3,Distressed or Turnaround,1.0574095138453385
285,0,High-Quality Compounders,0.17902272653674928
40,0,High-Quality Compounders,0.10634514030896931
225,0,High-Quality Compounders,0.08133991239852556
807,0,High-Quality Compounders,0.09768002257604833
1166,0,High-Quality Compounders,1.2451537326714357
417,0,High-Quality Compounders,0.1804443864410766
974,0,High-Quality Compounders,0.15769082657976607
472,0,High-Quality Compounders,0.183462581498428
405,0,High-Quality Compounders,0.18224363223122733
381,0,High-Quality Compounders,0.17894004357152812
951,0,High-Quality Compounders,0.12686955482636067
1010,0,High-Quality Compounders,0.16855169575587475
429,0,High-Quality Compounders,0.1415139949361604
843,0,High-Quality Compounders,0.18134280343117704
461,0,High-Quality Compounders,0.18362730998834428
723,0,High-Quality Compounders,0.1836884438400149
48,0,High-Quality Compounders,0.406381166751384
297,0,High-Quality Compounders,2.6960493826001315
72,0,High-Quality Compounders,0.10732869500976426
191,0,High-Quality Compounders,0.18820332912862248
519,3,Distressed or Turnaround,0.8835558976794431
393,0,High-Quality Compounders,0.15851064151263677
1022,0,High-Quality Compounders,0.17701329793031953
125,0,High-Quality Compounders,0.17957425032193128
28,0,High-Quality Compounders,0.06563696639073817
634,0,High-Quality Compounders,0.18506844317117738
831,0,High-Quality Compounders,0.6940208105053459
735,0,High-Quality Compounders,0.07486417455118866
124,0,High-Quality Compounders,0.17957425032193128
201,0,High-Quality Compounders,0.7492911159346138
507,0,High-Quality Compounders,1.0097175800508582
1118,0,High-Quality Compounders,0.08624702865366007
1142,0,High-Quality Compounders,0.048600187815298124
795,0,High-Quality Compounders,0.14242700156923885
635,0,High-Quality Compounders,0.18514681702303604
1089,0,High-Quality Compounders,0.17771521051535893
1090,0,High-Quality Compounders,0.17771521051535893
1071,0,High-Quality Compounders,0.18254770670873632
647,0,High-Quality Compounders,0.10845792601981148
661,0,High-Quality Compounders,0.12412877106592567
760,0,High-Quality Compounders,0.10758809195334101
673,0,High-Quality Compounders,0.08516733031364959
796,0,High-Quality Compounders,0.14245475997613002
940,0,High-Quality Compounders,0.3807512430795332
1119,0,High-Quality Compounders,0.09669757735657464
808,0,High-Quality Compounders,0.0778929899742332
923,0,High-Quality Compounders,0.052871675970070316
922,0,High-Quality Compounders,0.052871675970070316
820,0,High-Quality Compounders,0.14915486107290543
1143,0,High-Quality Compounders,0.0675491929233846
832,0,High-Quality Compounders,0.7232032360767099
844,0,High-Quality Compounders,0.18287988586708956
884,0,High-Quality Compounders,0.6076370767520926
882,0,High-Quality Compounders,0.6076370767520926
881,0,High-Quality Compounders,0.6076370767520926
1131,0,High-Quality Compounders,0.1666561229640029
880,0,High-Quality Compounders,0.6076370767520926
952,0,High-Quality Compounders,0.1291974326516571
1155,0,High-Quality Compounders,0.13353667145768436
964,0,High-Quality Compounders,0.18601954937627813
772,0,High-Quality Compounders,0.18474294648856762
1047,0,High-Quality Compounders,0.059090052047240015
685,0,High-Quality Compounders,0.9822808405926639
691,1,Defensive Dividend Payers,3.1377691599743707
1107,0,High-Quality Compounders,0.15486519474972546
700,0,High-Quality Compounders,0.34717151159280796
1035,0,High-Quality Compounders,0.11309957203830473
1179,0,High-Quality Compounders,0.13600085328517672
1059,0,High-Quality Compounders,0.08295549348085422
712,0,High-Quality Compounders,0.21517067969397538
1023,0,High-Quality Compounders,0.1772156537516229
736,0,High-Quality Compounders,0.06460189462455226
1011,0,High-Quality Compounders,0.16948657081856788
748,0,High-Quality Compounders,0.18604837549218536
987,0,High-Quality Compounders,0.25898690803357677
1167,0,High-Quality Compounders,1.1749263207508902
975,0,High-Quality Compounders,0.1660208538651952
724,0,High-Quality Compounders,0.18330380944269897
883,0,High-Quality Compounders,0.6076370767520926
592,0,High-Quality Compounders,0.18468752608519404
250,0,High-Quality Compounders,0.18339522948640283
544,4,Emerging Growth,2.005445182176207
61,0,High-Quality Compounders,0.10307167545955563
442,0,High-Quality Compounders,0.08821301326746721
226,0,High-Quality Compounders,0.07441119010228817
334,3,Distressed or Turnaround,1.2481580705139108
274,0,High-Quality Compounders,0.09910313386953208
41,0,High-Quality Compounders,0.13416750298570118
322,0,High-Quality Compounders,0.5993530381633432
168,0,High-Quality Compounders,1.2081780067973844
450,0,High-Quality Compounders,1.487300366619466
580,0,High-Quality Compounders,0.5442277415687015
462,0,High-Quality Compounders,0.18402658712245873
180,0,High-Quality Compounders,0.15769244278896852
406,0,High-Quality Compounders,0.18290045566938626
497,0,High-Quality Compounders,0.290946543020261
192,0,High-Quality Compounders,0.18794297696844142
473,0,High-Quality Compounders,0.1767766502692224
556,0,High-Quality Compounders,0.3572846358341555
568,0,High-Quality Compounders,0.21085169662677028
286,0,High-Quality Compounders,0.18117795730121455
202,0,High-Quality Compounders,1.1978606415412119
310,0,High-Quality Compounders,0.5815664408035572
85,0,High-Quality Compounders,0.30940708531345723
298,0,High-Quality Compounders,2.4557656310902862
214,0,High-Quality Compounders,1.3375991995018308
346,0,High-Quality Compounders,0.17478228127865877
604,0,High-Quality Compounders,0.12266039206445375
508,0,High-Quality Compounders,0.9531548486389909
382,0,High-Quality Compounders,0.17684304810182094
126,0,High-Quality Compounders,0.17411551774818246
520,3,Distressed or Turnaround,0.5502100658904032
623,0,High-Quality Compounders,0.37232573798362334
127,0,High-Quality Compounders,0.17411551774818246
532,0,High-Quality Compounders,1.664479535826449
394,0,High-Quality Compounders,0.1662686642804507
29,0,High-Quality Compounders,0.06061593061795407
262,0,High-Quality Compounders,0.18602020200491587
108,0,High-Quality Compounders,0.10976546181032439
418,0,High-Quality Compounders,0.1831283799723063
238,0,High-Quality Compounders,3.301800355708631
358,0,High-Quality Compounders,0.18449094489550155
614,0,High-Quality Compounders,0.1836863342550059
485,3,Distressed or Turnaround,0.49753462148310723
73,0,High-Quality Compounders,0.10307167545955563
12,0,High-Quality Compounders,0.1849467496992343
49,0,High-Quality Compounders,0.28756573049860473
370,0,High-Quality Compounders,0.15175688757887537
13,0,High-Quality Compounders,0.1849467496992343
430,0,High-Quality Compounders,0.14731799435613863
151,0,High-Quality Compounders,0.18478925131216486
150,0,High-Quality Compounders,0.18478925131216486
521,3,Distressed or Turnaround,0.76850951527179
941,0,High-Quality Compounders,0.460486637750746
486,3,Distressed or Turnaround,0.817923314117816
509,0,High-Quality Compounders,0.7789063058950121
287,0,High-Quality Compounders,0.1563097945456242
749,0,High-Quality Compounders,0.18717830005529631
953,0,High-Quality Compounders,0.13003070654276913
737,0,High-Quality Compounders,0.06696984462761295
924,0,High-Quality Compounders,0.05094528460973219
925,0,High-Quality Compounders,0.05094528460973219
263,0,High-Quality Compounders,0.1880198494343119
62,0,High-Quality Compounders,0.10018801144645216
275,0,High-Quality Compounders,0.06717705022133989
498,0,High-Quality Compounders,0.2809341487095232
30,0,High-Quality Compounders,0.07252841823544791
50,0,High-Quality Compounders,0.32412222493008275
299,0,High-Quality Compounders,2.6425553929607903
407,0,High-Quality Compounders,0.18395851352149975
833,0,High-Quality Compounders,0.7728856566094413
395,0,High-Quality Compounders,0.17640340625290593
821,0,High-Quality Compounders,0.14261439074279444
383,0,High-Quality Compounders,0.1851249684658772
845,0,High-Quality Compounders,0.17944088787525866
419,0,High-Quality Compounders,0.17494496112475802
371,0,High-Quality Compounders,0.1738035025346391
809,0,High-Quality Compounders,0.07125847814424416
359,0,High-Quality Compounders,0.1853616235151575
431,0,High-Quality Compounders,0.15151026467482342
347,0,High-Quality Compounders,0.17902623952293217
335,3,Distressed or Turnaround,0.6198320087612312
761,0,High-Quality Compounders,0.10290014190155111
797,0,High-Quality Compounders,0.13322308779236164
443,0,High-Quality Compounders,0.0817263253124651
323,0,High-Quality Compounders,0.6211808353735215
451,0,High-Quality Compounders,1.7442785887931833
885,0,High-Quality Compounders,0.4951479267001479
886,0,High-Quality Compounders,0.4951479267001479
887,0,High-Quality Compounders,0.4951479267001479
888,0,High-Quality Compounders,0.4951479267001479
889,0,High-Quality Compounders,0.4951479267001479
773,0,High-Quality Compounders,0.1916592447124683
474,0,High-Quality Compounders,0.17326275507185446
1132,0,High-Quality Compounders,0.1799644097722712
311,0,High-Quality Compounders,0.47281192758803103
1156,0,High-Quality Compounders,0.14257823388776444
42,0,High-Quality Compounders,0.13517260294016564
463,0,High-Quality Compounders,0.18485252140533706
251,0,High-Quality Compounders,0.17915960144294976
725,0,High-Quality Compounders,0.1708560698124857
203,0,High-Quality Compounders,1.424959844347726
1012,0,High-Quality Compounders,0.17428395697273869
686,0,High-Quality Compounders,0.9598597869900412
569,0,High-Quality Compounders,0.19654925978261772
193,0,High-Quality Compounders,0.1874099201613838
1024,0,High-Quality Compounders,0.18108942342095719
181,0,High-Quality Compounders,0.1482369804156213
674,0,High-Quality Compounders,0.07223304801401394
1036,0,High-Quality Compounders,0.08387855349338103
581,0,High-Quality Compounders,0.4330349811595181
169,0,High-Quality Compounders,1.9223991686296966
1048,0,High-Quality Compounders,0.06507659122221718
662,0,High-Quality Compounders,0.1261151839186177
593,0,High-Quality Compounders,0.1789244981565017
153,0,High-Quality Compounders,0.18416373634219257
1060,0,High-Quality Compounders,0.08325718355796594
15,0,High-Quality Compounders,0.1790301122806281
109,0,High-Quality Compounders,0.10838139683833675
624,0,High-Quality Compounders,0.4333965916324108
128,0,High-Quality Compounders,0.17548644844304687
129,0,High-Quality Compounders,0.17548644844304687
636,0,High-Quality Compounders,0.18439116009325052
1180,0,High-Quality Compounders,0.7930821116884372
692,1,Defensive Dividend Payers,3.1377691599743343
615,0,High-Quality Compounders,0.18205161386547447
1091,0,High-Quality Compounders,0.17317722032902644
1092,0,High-Quality Compounders,0.17317722032902644
605,0,High-Quality Compounders,0.09771315327933959
648,0,High-Quality Compounders,0.11044901534904944
152,0,High-Quality Compounders,0.18416373634219257
14,0,High-Quality Compounders,0.1790301122806281
1072,0,High-Quality Compounders,0.17456223334611723
215,0,High-Quality Compounders,2.3791714404097353
1144,0,High-Quality Compounders,0.10896095542808872
86,0,High-Quality Compounders,0.5001771344281755
227,0,High-Quality Compounders,0.10271020390647081
713,0,High-Quality Compounders,0.20061293004047562
988,0,High-Quality Compounders,0.23738726430632612
976,0,High-Quality Compounders,0.1694909893641468
239,0,High-Quality Compounders,2.8370999148657208
74,0,High-Quality Compounders,0.10018801144645216
533,3,Distressed or Turnaround,1.6024266295762508
1120,0,High-Quality Compounders,0.09648596342618894
545,4,Emerging Growth,0.9296595856138776
1168,0,High-Quality Compounders,0.9934424526351918
965,0,High-Quality Compounders,0.1863098558423152
557,0,High-Quality Compounders,0.3744339313382736
1108,0,High-Quality Compounders,0.14446354200756933
701,0,High-Quality Compounders,0.14774076802791378
966,0,High-Quality Compounders,0.18684906293208733
336,3,Distressed or Turnaround,0.18040610642656787
1061,0,High-Quality Compounders,0.10141369443703017
348,0,High-Quality Compounders,0.17994386770017864
51,0,High-Quality Compounders,0.6894481157263045
228,0,High-Quality Compounders,0.09071073871395238
1093,0,High-Quality Compounders,0.17716505762021284
396,0,High-Quality Compounders,0.17466200363706796
252,0,High-Quality Compounders,0.1800822405112604
942,0,High-Quality Compounders,0.41669973246671305
264,0,High-Quality Compounders,0.18877667493921713
977,0,High-Quality Compounders,0.17564429089647293
372,0,High-Quality Compounders,0.17527669493444073
834,0,High-Quality Compounders,0.6766202161289792
846,0,High-Quality Compounders,0.1809342150421707
954,0,High-Quality Compounders,0.15883184495065863
1073,0,High-Quality Compounders,0.17524554971337225
131,0,High-Quality Compounders,0.17787739633376717
384,0,High-Quality Compounders,0.1856627956306334
130,0,High-Quality Compounders,0.17787739633376717
360,0,High-Quality Compounders,0.18521645847238027
240,0,High-Quality Compounders,3.0474888479395976
154,0,High-Quality Compounders,0.18561737889828547
87,0,High-Quality Compounders,0.14675870049382603
204,0,High-Quality Compounders,1.1816301730955656
288,0,High-Quality Compounders,0.13372811285463224
300,0,High-Quality Compounders,3.62033604659055
1013,0,High-Quality Compounders,0.1829970802566072
194,0,High-Quality Compounders,0.18800307726261223
1133,0,High-Quality Compounders,0.1835198602407238
1109,0,High-Quality Compounders,0.1313021537139048
894,0,High-Quality Compounders,0.3499354834955128
893,0,High-Quality Compounders,0.3499354834955128
892,0,High-Quality Compounders,0.3499354834955128
891,0,High-Quality Compounders,0.3499354834955128
1121,0,High-Quality Compounders,0.1224889546474209
1025,0,High-Quality Compounders,0.1803834059500996
182,0,High-Quality Compounders,0.11263191082785594
926,0,High-Quality Compounders,0.05407305623576457
927,0,High-Quality Compounders,0.05407305623576457
75,0,High-Quality Compounders,0.10044180690155222
989,0,High-Quality Compounders,0.21368810530696838
1037,0,High-Quality Compounders,0.08810382353588687
312,0,High-Quality Compounders,0.5209223199985594
170,0,High-Quality Compounders,0.66542586622223
63,0,High-Quality Compounders,0.10044180690155222
1049,0,High-Quality Compounders,0.060098587889019624
1094,0,High-Quality Compounders,0.17716505762021284
324,0,High-Quality Compounders,0.8112662442532064
155,0,High-Quality Compounders,0.18561737889828547
276,0,High-Quality Compounders,0.10556720503481641
216,0,High-Quality Compounders,1.549436782813833
890,0,High-Quality Compounders,0.3499354834955128
110,0,High-Quality Compounders,0.12450012513470353
606,0,High-Quality Compounders,0.10810976022751695
570,0,High-Quality Compounders,0.19291876684325407
43,0,High-Quality Compounders,0.12029258830796703
534,3,Distressed or Turnaround,1.2759387387039243
798,0,High-Quality Compounders,0.13553806028931084
444,0,High-Quality Compounders,0.10058303556184675
726,0,High-Quality Compounders,0.175743255293331
649,0,High-Quality Compounders,0.11777453752230078
452,0,High-Quality Compounders,1.9091611301733722
522,3,Distressed or Turnaround,0.1921585832475958
675,0,High-Quality Compounders,0.08928371410669246
464,0,High-Quality Compounders,0.17776303504653515
510,0,High-Quality Compounders,0.7769301254078719
738,0,High-Quality Compounders,0.06636565489905992
774,0,High-Quality Compounders,0.18324460627422395
582,0,High-Quality Compounders,0.6009177485044533
594,0,High-Quality Compounders,0.17901367012474378
663,0,High-Quality Compounders,0.14660354083708707
499,0,High-Quality Compounders,0.29150499043703326
31,0,High-Quality Compounders,0.07882947212767882
475,0,High-Quality Compounders,0.1770765392233187
750,0,High-Quality Compounders,0.1874878552287103
17,0,High-Quality Compounders,0.1796063269038715
1157,0,High-Quality Compounders,0.15053192288715928
762,0,High-Quality Compounders,0.11738715462455795
16,0,High-Quality Compounders,0.1796063269038715
432,0,High-Quality Compounders,0.1708844881796466
714,0,High-Quality Compounders,0.19351832799358887
487,3,Distressed or Turnaround,0.47751028029553594
625,0,High-Quality Compounders,0.5319296687287707
408,0,High-Quality Compounders,0.18595127245187215
546,4,Emerging Growth,0.8546381617510457
1145,0,High-Quality Compounders,0.0868687196598802
822,0,High-Quality Compounders,0.14325469210026684
810,0,High-Quality Compounders,0.0718828481621722
637,0,High-Quality Compounders,0.18470264832935693
693,0,High-Quality Compounders,0.18142007644124974
687,0,High-Quality Compounders,1.8651715608661892
420,0,High-Quality Compounders,0.17630887427805772
616,0,High-Quality Compounders,0.1830384378348095
702,0,High-Quality Compounders,0.14623498166527132
1181,0,High-Quality Compounders,1.0351133304345095
1169,0,High-Quality Compounders,1.0114155612456586
558,0,High-Quality Compounders,0.4249073992187079
978,0,High-Quality Compounders,0.17944896764804566
500,0,High-Quality Compounders,0.2341564629199019
943,0,High-Quality Compounders,0.33514557479852597
1038,0,High-Quality Compounders,0.11696815865037503
171,0,High-Quality Compounders,0.7750258721167579
739,0,High-Quality Compounders,0.07091706671806923
1110,0,High-Quality Compounders,0.12564712643615886
583,0,High-Quality Compounders,0.41864778603663333
64,0,High-Quality Compounders,0.10444382451368069
559,0,High-Quality Compounders,0.2632598535280961
929,0,High-Quality Compounders,0.06179151361236724
928,0,High-Quality Compounders,0.06179151361236724
751,0,High-Quality Compounders,0.18804245160135938
1096,0,High-Quality Compounders,0.1778360318114134
1095,0,High-Quality Compounders,0.1778360318114134
1158,0,High-Quality Compounders,0.1698254918026792
277,0,High-Quality Compounders,0.09285053302945873
205,3,Distressed or Turnaround,1.586893262085156
703,0,High-Quality Compounders,0.1181925094330151
265,0,High-Quality Compounders,0.18696963014802812
715,0,High-Quality Compounders,0.1781423795589154
229,0,High-Quality Compounders,0.05748200246256627
195,0,High-Quality Compounders,0.18811748073090226
535,3,Distressed or Turnaround,1.0490044374537328
547,4,Emerging Growth,2.550476783123346
571,0,High-Quality Compounders,0.44318747569465144
967,0,High-Quality Compounders,0.18710211507714267
1026,0,High-Quality Compounders,0.18172422444098368
523,3,Distressed or Turnaround,1.8623515347155981
217,0,High-Quality Compounders,1.003888715333515
688,0,High-Quality Compounders,1.595618024271181
241,0,High-Quality Compounders,2.976700137868706
488,3,Distressed or Turnaround,0.5897215739894404
727,0,High-Quality Compounders,0.18251831014806988
19,0,High-Quality Compounders,0.1796412741288375
183,0,High-Quality Compounders,0.143376662010006
253,0,High-Quality Compounders,0.17660888715439557
1122,0,High-Quality Compounders,0.1362686064077871
955,0,High-Quality Compounders,0.1577026900217458
990,0,High-Quality Compounders,0.1757770437524574
676,0,High-Quality Compounders,0.10190997550098217
1170,0,High-Quality Compounders,1.0285374915436227
511,0,High-Quality Compounders,0.6327528412346459
1014,0,High-Quality Compounders,0.18661262334305176
76,0,High-Quality Compounders,0.10444382451368069
18,0,High-Quality Compounders,0.1796412741288375
397,0,High-Quality Compounders,0.17425711100816385
763,0,High-Quality Compounders,0.13862826357053334
88,0,High-Quality Compounders,0.050778977168987695
1062,0,High-Quality Compounders,0.1315450390871629
1146,0,High-Quality Compounders,0.11484598095816412
453,0,High-Quality Compounders,2.8452339340118837
313,0,High-Quality Compounders,0.614796880338439
847,0,High-Quality Compounders,0.18077495628794318
617,0,High-Quality Compounders,0.17836045283013252
650,0,High-Quality Compounders,0.1570424880748925
421,0,High-Quality Compounders,0.17471761281491405
445,0,High-Quality Compounders,0.1138488507618037
325,0,High-Quality Compounders,0.867113718813821
289,0,High-Quality Compounders,0.10389320512284235
607,0,High-Quality Compounders,0.11204980267837744
799,0,High-Quality Compounders,0.13255374391061553
337,3,Distressed or Turnaround,1.195322141841859
132,0,High-Quality Compounders,0.1761912628670089
373,0,High-Quality Compounders,0.1808746734193532
52,0,High-Quality Compounders,1.4129363375844524
133,0,High-Quality Compounders,0.1761912628670089
811,0,High-Quality Compounders,0.0778442252896299
349,0,High-Quality Compounders,0.17593696540025924
111,0,High-Quality Compounders,0.13116593341679203
638,0,High-Quality Compounders,0.18419476217906283
433,0,High-Quality Compounders,0.1753502369450634
1074,0,High-Quality Compounders,0.17466099665096255
409,0,High-Quality Compounders,0.18636846600554902
465,0,High-Quality Compounders,0.17766679144419192
595,0,High-Quality Compounders,0.1780135196194348
694,0,High-Quality Compounders,0.18241186891055058
1050,0,High-Quality Compounders,0.055469246588972204
301,0,High-Quality Compounders,2.776203220802689
664,0,High-Quality Compounders,0.14977065983570834
835,0,High-Quality Compounders,0.5476548228971077
476,0,High-Quality Compounders,0.17726691187759383
1182,0,High-Quality Compounders,0.23123685938926478
44,0,High-Quality Compounders,0.06885057442968066
1134,0,High-Quality Compounders,0.06637460572255964
626,0,High-Quality Compounders,0.569106349361783
32,0,High-Quality Compounders,0.0786782343932892
156,0,High-Quality Compounders,0.1850080192470168
157,0,High-Quality Compounders,0.1850080192470168
899,0,High-Quality Compounders,0.24769020017250765
385,0,High-Quality Compounders,0.18404208510776934
898,0,High-Quality Compounders,0.24769020017250765
897,0,High-Quality Compounders,0.24769020017250765
896,0,High-Quality Compounders,0.24769020017250765
895,0,High-Quality Compounders,0.24769020017250765
775,0,High-Quality Compounders,0.17930727518118214
823,0,High-Quality Compounders,0.15017698412994882
361,0,High-Quality Compounders,0.18444139285237265
89,0,High-Quality Compounders,0.07535491085467289
689,0,High-Quality Compounders,1.081666184275714
206,3,Distressed or Turnaround,0.4607382842816241
112,0,High-Quality Compounders,0.13493123390179942
618,0,High-Quality Compounders,0.1792197715983933
1015,0,High-Quality Compounders,0.1772733859745178
665,0,High-Quality Compounders,0.09317816364541108
1075,0,High-Quality Compounders,0.17441597776769197
1051,0,High-Quality Compounders,0.06281532619172013
159,0,High-Quality Compounders,0.18500478147250027
584,0,High-Quality Compounders,0.5397846866395971
158,0,High-Quality Compounders,0.18500478147250027
1183,0,High-Quality Compounders,1.2317476609048366
172,3,Distressed or Turnaround,0.9891146569662591
1097,0,High-Quality Compounders,0.17859951267732865
1039,0,High-Quality Compounders,0.0793780770895605
596,0,High-Quality Compounders,0.1746475231190546
1098,0,High-Quality Compounders,0.17859951267732865
560,0,High-Quality Compounders,0.2987361106274936
1063,0,High-Quality Compounders,0.1281022586017918
653,0,High-Quality Compounders,0.19063164174384717
651,0,High-Quality Compounders,0.16257037062295304
184,0,High-Quality Compounders,0.18526886610278048
135,0,High-Quality Compounders,0.17490879474733892
572,0,High-Quality Compounders,0.3755488054876627
134,0,High-Quality Compounders,0.17490879474733892
608,0,High-Quality Compounders,0.1110743909508637
1171,0,High-Quality Compounders,0.9842302169096845
639,0,High-Quality Compounders,0.18352700232175206
196,0,High-Quality Compounders,0.18773022339198794
677,0,High-Quality Compounders,0.10117020353251115
1027,0,High-Quality Compounders,0.18096046053322357
627,0,High-Quality Compounders,0.5614523062472551
1111,0,High-Quality Compounders,0.12386184819527174
33,0,High-Quality Compounders,0.07405592005131788
466,0,High-Quality Compounders,0.1837661876080635
776,0,High-Quality Compounders,0.19013525711391552
900,0,High-Quality Compounders,0.20928714978103394
901,0,High-Quality Compounders,0.20928714978103394
902,0,High-Quality Compounders,0.20928714978103394
903,0,High-Quality Compounders,0.20928714978103394
904,0,High-Quality Compounders,0.20928714978103394
53,0,High-Quality Compounders,0.40853393561000734
477,0,High-Quality Compounders,0.1792944041768434
302,0,High-Quality Compounders,2.1327910370283902
764,0,High-Quality Compounders,0.14318010326445535
290,0,High-Quality Compounders,0.11298318376010032
489,3,Distressed or Turnaround,2.189988856213452
695,0,High-Quality Compounders,0.17961832634076913
454,0,High-Quality Compounders,2.8085024858747594
314,0,High-Quality Compounders,0.7454277680885301
1135,0,High-Quality Compounders,0.06714881315800042
446,0,High-Quality Compounders,0.09227474581365006
824,0,High-Quality Compounders,0.14959871107152622
836,0,High-Quality Compounders,0.5250288074983038
45,0,High-Quality Compounders,0.078038613302859
386,0,High-Quality Compounders,0.1836225094271878
410,0,High-Quality Compounders,0.18413590923446144
848,0,High-Quality Compounders,0.18181846662216916
1147,0,High-Quality Compounders,0.14699208203033082
752,0,High-Quality Compounders,0.1863017240982202
374,0,High-Quality Compounders,0.1824807657614819
362,0,High-Quality Compounders,0.18678403045508904
422,0,High-Quality Compounders,0.16770219134294695
350,0,High-Quality Compounders,0.17575388229077674
434,0,High-Quality Compounders,0.18107409166139332
800,0,High-Quality Compounders,0.1287295542552698
338,3,Distressed or Turnaround,4.825580115139657
326,0,High-Quality Compounders,0.9539843020219018
812,0,High-Quality Compounders,0.08068346870427841
930,0,High-Quality Compounders,0.07607780167369506
1159,0,High-Quality Compounders,0.17275991752888786
278,0,High-Quality Compounders,0.09824917574818585
536,3,Distressed or Turnaround,0.8131948194310399
716,0,High-Quality Compounders,0.17226384777750609
230,0,High-Quality Compounders,0.07105697326235091
20,0,High-Quality Compounders,0.18079808588147764
218,0,High-Quality Compounders,1.440867049100718
21,0,High-Quality Compounders,0.18079808588147764
931,0,High-Quality Compounders,0.07607780167369506
968,0,High-Quality Compounders,0.18704043981801408
548,0,High-Quality Compounders,3.2553562668362392
524,3,Distressed or Turnaround,0.8104545785382533
242,0,High-Quality Compounders,3.4168047825956096
704,0,High-Quality Compounders,0.13727452253204417
728,0,High-Quality Compounders,0.17698281268988952
991,0,High-Quality Compounders,0.12855054442810895
956,0,High-Quality Compounders,0.14097738563490902
512,0,High-Quality Compounders,0.784555359407522
254,0,High-Quality Compounders,0.17324325632787968
1123,0,High-Quality Compounders,0.12064737382868428
266,0,High-Quality Compounders,0.18673761141973425
77,0,High-Quality Compounders,0.10228764268811785
944,0,High-Quality Compounders,0.3400374939281479
740,0,High-Quality Compounders,0.06860611128954328
65,0,High-Quality Compounders,0.10228764268811785
501,0,High-Quality Compounders,0.18265350063033997
398,0,High-Quality Compounders,0.1812238746601344
979,0,High-Quality Compounders,0.17614084356986204
90,0,High-Quality Compounders,0.11847669414001848
46,0,High-Quality Compounders,0.07402569724543276
78,0,High-Quality Compounders,0.11749462385582568
1112,0,High-Quality Compounders,0.05848879499702477
34,0,High-Quality Compounders,0.07577754977922632
101,0,High-Quality Compounders,0.18620383101001556
66,0,High-Quality Compounders,0.11749462385582568
1136,0,High-Quality Compounders,0.1491381254234523
22,0,High-Quality Compounders,0.1813277958369037
1172,0,High-Quality Compounders,0.8319171317373579
1100,0,High-Quality Compounders,0.18096044639530856
1099,0,High-Quality Compounders,0.18096044639530856
54,0,High-Quality Compounders,0.3441149031095144
1124,0,High-Quality Compounders,0.14010617392145416
1160,0,High-Quality Compounders,0.17319697502792222
1148,0,High-Quality Compounders,0.1289950794420623
23,0,High-Quality Compounders,0.1813277958369037
905,0,High-Quality Compounders,0.11107211677354102
1076,0,High-Quality Compounders,0.17369562319689477
490,4,Emerging Growth,0.832748718866152
765,0,High-Quality Compounders,0.1311124867559067
478,0,High-Quality Compounders,0.17838059550419486
467,0,High-Quality Compounders,0.18302611297032423
777,0,High-Quality Compounders,0.18943551560123661
455,0,High-Quality Compounders,3.2726964211597984
789,0,High-Quality Compounders,0.17582773856591974
447,0,High-Quality Compounders,0.0791195405514151
435,0,High-Quality Compounders,0.17322695137985464
753,0,High-Quality Compounders,0.18631713422245336
801,0,High-Quality Compounders,0.12606045859703288
813,0,High-Quality Compounders,0.08220820921667231
411,0,High-Quality Compounders,0.18324304157658425
825,0,High-Quality Compounders,0.1519237914096063
399,0,High-Quality Compounders,0.18014548160477906
837,0,High-Quality Compounders,0.49327824211056553
387,0,High-Quality Compounders,0.1845505055006068
849,0,High-Quality Compounders,0.1818392462970509
375,0,High-Quality Compounders,0.17952561295624742
363,0,High-Quality Compounders,0.1873937208516672
423,0,High-Quality Compounders,0.16584847204727823
351,0,High-Quality Compounders,0.17531977116212139
502,0,High-Quality Compounders,0.20692271155952938
513,0,High-Quality Compounders,0.9916980071239382
628,0,High-Quality Compounders,0.4833885356526149
619,0,High-Quality Compounders,0.18133114964848482
640,0,High-Quality Compounders,0.18361300177065398
609,0,High-Quality Compounders,0.13004150046277946
652,0,High-Quality Compounders,0.159090166974048
654,0,High-Quality Compounders,0.19073328428690806
597,0,High-Quality Compounders,0.17621801243456367
666,0,High-Quality Compounders,0.0829235842175562
585,0,High-Quality Compounders,0.6638271844092787
741,0,High-Quality Compounders,0.06930785800160766
573,0,High-Quality Compounders,0.38778944094912676
561,0,High-Quality Compounders,0.5137164175809262
690,0,High-Quality Compounders,2.5032565224974137
696,0,High-Quality Compounders,0.1807547663243556
549,0,High-Quality Compounders,2.6634332365515974
705,0,High-Quality Compounders,0.15536154246328912
537,3,Distressed or Turnaround,0.7204536219622758
717,0,High-Quality Compounders,0.1714618958222763
525,3,Distressed or Turnaround,1.0339606917695532
729,0,High-Quality Compounders,0.17693965133688358
678,0,High-Quality Compounders,0.10514686876633654
113,0,High-Quality Compounders,0.12991044826222414
339,3,Distressed or Turnaround,5.522795706094242
315,0,High-Quality Compounders,0.9215694106815118
327,0,High-Quality Compounders,1.1862786999870651
207,3,Distressed or Turnaround,0.32034063113305644
1016,0,High-Quality Compounders,0.18271365959528835
197,0,High-Quality Compounders,0.18745960713111598
1028,0,High-Quality Compounders,0.17230409085170112
185,0,High-Quality Compounders,0.2019297845353157
992,0,High-Quality Compounders,0.14419729215434235
173,3,Distressed or Turnaround,1.2873162285888649
161,0,High-Quality Compounders,0.1790423661863185
160,0,High-Quality Compounders,0.1790423661863185
1052,0,High-Quality Compounders,0.07160283382209158
1064,0,High-Quality Compounders,0.1254177489865777
137,0,High-Quality Compounders,0.17337231354690086
136,0,High-Quality Compounders,0.17337231354690086
1040,0,High-Quality Compounders,0.08593422318283334
219,0,High-Quality Compounders,1.0902094845913881
1184,3,Distressed or Turnaround,0.8521715503789029
231,0,High-Quality Compounders,0.061112672526438844
906,0,High-Quality Compounders,0.11107211677354102
907,0,High-Quality Compounders,0.11107211677354102
908,0,High-Quality Compounders,0.11107211677354102
909,0,High-Quality Compounders,0.11107211677354102
303,0,High-Quality Compounders,1.7548457550059187
291,0,High-Quality Compounders,0.13929461556955217
932,0,High-Quality Compounders,0.08453214840077733
933,0,High-Quality Compounders,0.08453214840077733
279,0,High-Quality Compounders,0.12703221443102553
267,0,High-Quality Compounders,0.18507692014652324
945,0,High-Quality Compounders,0.33006248485644857
255,0,High-Quality Compounders,0.16358913084112836
980,0,High-Quality Compounders,0.18226985969046677
957,0,High-Quality Compounders,0.1449202195488727
243,0,High-Quality Compounders,4.082633330736591
969,0,High-Quality Compounders,0.18716798168961685
993,0,High-Quality Compounders,0.18487369569816228
994,0,High-Quality Compounders,0.18690225350432133
995,0,High-Quality Compounders,0.18445971799302463
996,0,High-Quality Compounders,0.18121400990244083
997,0,High-Quality Compounders,0.18665019939946184
998,0,High-Quality Compounders,0.18761613588172193
999,0,High-Quality Compounders,0.18729506021278422
1000,0,High-Quality Compounders,0.18832895221316848
1001,0,High-Quality Compounders,0.18767217796690974
1002,0,High-Quality Compounders,0.18582515474935157
1003,0,High-Quality Compounders,0.18558758261218697
1004,0,High-Quality Compounders,0.18458974373042844
